PLAYER,TEAM,POS,HT,WT,AGE,EXP,GP,MIN,PTS,FGM,FGA,FG%,3PM,3PA,3P%,FTM,FTA,FT%,OREB,DREB,REB,AST,STL,BLK,TOv,+/-
James Harden,HOUSTON ROCKETS,G,5-Jun,220 lbs,28,8 yrs,72,35.4,30.4,9,20.1,44.9,3.7,10,36.7,8.7,10.1,85.8,0.6,4.8,5.4,8.8,1.8,0.7,4.4,30.1
Anthony Davis,NEW ORLEANS PELICANS,F-C,10-Jun,253 lbs,25,5 yrs,75,36.4,28.1,10.4,19.5,53.4,0.7,2.2,34,6.6,8,82.8,2.5,8.6,11.1,2.3,1.5,2.6,2.2,33
LeBron James,CLEVELAND CAVALIERS,F-G,8-Jun,250 lbs,33,14 yrs,82,36.9,27.5,10.5,19.3,54.2,1.8,5,36.7,4.7,6.5,73.1,1.2,7.5,8.6,9.1,1.4,0.9,4.2,32.7
Damian Lillard,PORTLAND TRAIL BLAZERS,G,3-Jun,195 lbs,27,5 yrs,73,36.6,26.9,8.5,19.4,43.9,3.1,8.6,36.1,6.8,7.4,91.6,0.8,3.6,4.5,6.6,1.1,0.4,2.8,25
Giannis Antetokounmpo,MILWAUKEE BUCKS,F,11-Jun,222 lbs,23,4 yrs,75,36.7,26.9,9.9,18.7,52.9,0.6,1.9,30.7,6.5,8.5,76,2.1,8,10,4.8,1.5,1.4,3,30.7
Kevin Durant,GOLDEN STATE WARRIORS,F,9-Jun,240 lbs,29,10 yrs,68,34.2,26.4,9.3,18,51.6,2.5,6.1,41.9,5.3,5.9,88.9,0.5,6.4,6.8,5.4,0.7,1.8,3,28.6
Russell Westbrook,OKLAHOMA CITY THUNDER,G,3-Jun,200 lbs,29,9 yrs,80,36.4,25.4,9.5,21.1,44.9,1.2,4.1,29.8,5.2,7.1,73.7,1.9,8.2,10.1,10.3,1.8,0.3,4.8,29.5
Kyrie Irving,BOSTON CELTICS,G,3-Jun,193 lbs,26,6 yrs,60,32.2,24.4,8.9,18.1,49.1,2.8,6.8,40.8,3.9,4.4,88.9,0.6,3.2,3.8,5.1,1.1,0.3,2.3,22.7
LaMarcus Aldridge,SAN ANTONIO SPURS,F,11-Jun,260 lbs,32,11 yrs,75,33.5,23.1,9.2,18,51,0.4,1.2,29.3,4.5,5.3,83.7,3.3,5.2,8.5,2,0.6,1.2,1.5,24.3
Victor Oladipo,INDIANA PACERS,G,4-Jun,210 lbs,25,4 yrs,75,34,23.1,8.5,17.9,47.7,2.1,5.8,37.1,3.9,4.9,79.9,0.6,4.6,5.2,4.3,2.4,0.8,2.9,22.5
DeMar DeRozan,TORONTO RAPTORS,G,7-Jun,220 lbs,28,8 yrs,80,33.9,23,8.1,17.7,45.6,1.1,3.6,31,5.8,7,82.5,0.7,3.2,3.9,5.2,1.1,0.3,2.2,20.5
Joel Embiid,PHILADELPHIA 76ERS,C,Jul-00,250 lbs,24,1 yrs,63,30.3,22.9,8.1,16.8,48.3,1,3.4,30.8,5.7,7.4,76.9,2.3,8.7,11,3.2,0.6,1.8,3.7,25.3
Bradley Beal,WASHINGTON WIZARDS,G,5-Jun,207 lbs,24,5 yrs,82,36.3,22.6,8.3,18.1,46,2.4,6.5,37.5,3.6,4.5,79.1,0.7,3.7,4.4,4.5,1.2,0.4,2.6,19.9
Lou Williams,LA CLIPPERS,G,1-Jun,175 lbs,31,12 yrs,79,32.8,22.6,7.4,16.9,43.5,2.4,6.6,35.9,5.5,6.2,88,0.5,2,2.5,5.3,1.1,0.2,3,18.4
Jimmy Butler,MINNESOTA TIMBERWOLVES,G,8-Jun,236 lbs,28,6 yrs,59,36.7,22.2,7.4,15.6,47.4,1.2,3.4,35,6.2,7.2,85.4,1.3,4,5.3,4.9,2,0.4,1.8,23.6
Kemba Walker,CHARLOTTE HORNETS,G,1-Jun,184 lbs,27,6 yrs,80,34.2,22.1,7.4,17,43.1,2.9,7.5,38.4,4.5,5.3,86.4,0.4,2.7,3.1,5.6,1.1,0.3,2.2,19.6
Paul George,OKLAHOMA CITY THUNDER,F,9-Jun,220 lbs,27,7 yrs,79,36.6,21.9,7.3,17,43,3.1,7.7,40.1,4.3,5.2,82,0.9,4.7,5.7,3.3,2,0.5,2.7,20.2
Blake Griffin,DETROIT PISTONS,F,10-Jun,251 lbs,29,7 yrs,58,34,21.4,7.5,17.2,43.8,1.9,5.6,34.5,4.5,5.7,78.5,1.3,6.1,7.4,5.8,0.7,0.3,2.8,21.8
CJ McCollum,PORTLAND TRAIL BLAZERS,G,3-Jun,190 lbs,26,4 yrs,81,36.1,21.4,8.2,18.6,44.3,2.3,5.9,39.7,2.6,3.1,83.6,0.7,3.3,4,3.4,1,0.4,1.9,17.4
Karl-Anthony Towns,MINNESOTA TIMBERWOLVES,C,Jul-00,248 lbs,22,2 yrs,82,35.6,21.3,7.8,14.3,54.5,1.5,3.5,42.1,4.2,4.9,85.8,2.9,9.4,12.3,2.4,0.8,1.4,1.9,29.1
Donovan Mitchell,UTAH JAZZ,G,3-Jun,215 lbs,21,R,79,33.4,20.5,7.5,17.2,43.7,2.4,7,34,3,3.8,80.5,0.7,3.1,3.7,3.7,1.5,0.3,2.7,16.6
Khris Middleton,MILWAUKEE BUCKS,F,8-Jun,234 lbs,26,5 yrs,82,36.4,20.1,7.2,15.5,46.6,1.8,5,35.9,3.9,4.4,88.4,0.5,4.7,5.2,4,1.5,0.3,2.3,20
Klay Thompson,GOLDEN STATE WARRIORS,G,7-Jun,215 lbs,28,6 yrs,73,34.3,20,7.9,16.2,48.8,3.1,7.1,44,1.1,1.3,83.7,0.4,3.4,3.8,2.5,0.8,0.5,1.8,17.3
TJ Warren,PHOENIX SUNS,F,8-Jun,215 lbs,24,3 yrs,65,33,19.6,8.1,16.4,49.8,0.3,1.4,22.2,3,3.9,75.7,1.9,3.2,5.1,1.3,1,0.6,1.3,17.1
Dennis Schroder,ATLANTA HAWKS,G,1-Jun,172 lbs,24,4 yrs,67,31,19.4,7.5,17.1,43.6,1.1,3.9,29,3.4,4,84.9,0.7,2.4,3.1,6.2,1.1,0.1,2.7,16.9
Jrue Holiday,NEW ORLEANS PELICANS,G,4-Jun,205 lbs,27,8 yrs,81,36.1,19,7.6,15.4,49.4,1.5,4.4,33.7,2.3,2.9,78.6,0.8,3.7,4.5,6,1.5,0.8,2.6,20.8
Harrison Barnes,DALLAS MAVERICKS,F,8-Jun,225 lbs,25,5 yrs,77,34.2,18.9,7,15.7,44.5,1.5,4.3,35.7,3.4,4.1,82.7,1,5.1,6.1,2,0.6,0.2,1.5,16.8
Chris Paul,HOUSTON ROCKETS,G,Jun-00,175 lbs,32,12 yrs,58,31.8,18.6,6.3,13.8,46,2.5,6.5,38,3.5,3.8,91.9,0.6,4.8,5.4,7.9,1.7,0.2,2.2,23.9
Tobias Harris,LA CLIPPERS,F,9-Jun,235 lbs,25,6 yrs,80,33.4,18.6,7,15.3,46,2.3,5.6,41.1,2.2,2.7,82.9,0.7,4.7,5.5,2.4,0.9,0.4,1.3,17.8
Nikola Jokic,DENVER NUGGETS,C,10-Jun,250 lbs,23,2 yrs,75,32.6,18.5,6.7,13.5,50,1.5,3.7,39.6,3.5,4.2,85,2.6,8.1,10.7,6.1,1.2,0.8,2.8,27.1
Eric Gordon,HOUSTON ROCKETS,G,4-Jun,215 lbs,29,9 yrs,69,31.2,18,6,14.1,42.8,3.2,8.8,35.9,2.8,3.5,80.9,0.4,2.1,2.5,2.2,0.6,0.4,1.9,13.1
Eric Bledsoe,MILWAUKEE BUCKS,G,1-Jun,205 lbs,28,7 yrs,74,31.4,17.7,6.3,13.4,47.3,1.7,4.9,34.7,3.4,4.3,79.2,0.7,3.1,3.8,5,2,0.6,2.9,18.3
Andrew Wiggins,MINNESOTA TIMBERWOLVES,F,8-Jun,202 lbs,23,3 yrs,82,36.3,17.7,6.9,15.9,43.8,1.4,4.1,33.1,2.5,3.8,64.3,1,3.4,4.4,2,1.1,0.6,1.7,13.8
Aaron Gordon,ORLANDO MAGIC,F,9-Jun,220 lbs,22,3 yrs,58,32.9,17.6,6.5,14.9,43.4,2,5.9,33.6,2.7,3.9,69.8,1.5,6.4,7.9,2.3,1,0.8,1.8,18.2
Kevin Love,CLEVELAND CAVALIERS,C-F,10-Jun,251 lbs,29,9 yrs,59,28,17.6,5.7,12.4,45.8,2.3,5.6,41.5,4,4.5,88,1.7,7.5,9.3,1.7,0.7,0.4,1.5,21
Gary Harris,DENVER NUGGETS,G,4-Jun,210 lbs,23,3 yrs,67,34.4,17.5,6.6,13.6,48.5,2.3,5.9,39.6,2,2.4,82.7,0.6,2.1,2.6,2.9,1.8,0.2,1.8,15.9
Goran Dragic,MIAMI HEAT,G,3-Jun,190 lbs,31,9 yrs,75,31.7,17.3,6.5,14.3,45,1.5,4,37,2.9,3.6,80.1,0.7,3.4,4.1,4.8,0.8,0.2,2.2,16.3
Marc Gasol,MEMPHIS GRIZZLIES,C,1-Jul,255 lbs,33,9 yrs,73,33,17.2,5.9,14.2,42,1.5,4.4,34.1,3.8,4.6,83.4,1.1,7,8.1,4.2,0.7,1.4,2.7,20
JJ Redick,PHILADELPHIA 76ERS,G-F,4-Jun,200 lbs,33,11 yrs,70,30.2,17.1,5.8,12.6,46,2.8,6.6,42,2.8,3.1,90.4,0.1,2.4,2.5,3,0.5,0.1,1.5,14.7
Jamal Murray,DENVER NUGGETS,G,4-Jun,207 lbs,21,1 yrs,81,31.7,16.7,5.9,13.1,45.1,2,5.4,37.8,2.8,3.1,90.5,1,2.7,3.7,3.4,1,0.3,2.1,15.4
Dwight Howard,CHARLOTTE HORNETS,C,11-Jun,265 lbs,32,13 yrs,81,30.4,16.6,6.2,11.2,55.5,0,0.1,14.3,4.1,7.2,57.4,3.1,9.3,12.5,1.3,0.6,1.6,2.6,22
Kyle Lowry,TORONTO RAPTORS,G,Jun-00,205 lbs,32,11 yrs,78,32.2,16.2,5.2,12.1,42.7,3.1,7.6,39.9,2.9,3.3,85.4,0.8,4.7,5.6,6.9,1.1,0.2,2.3,20.3
Carmelo Anthony,OKLAHOMA CITY THUNDER,F,8-Jun,240 lbs,33,14 yrs,78,32.1,16.2,6.1,15,40.4,2.2,6.1,35.7,1.9,2.5,76.7,0.9,4.9,5.8,1.3,0.6,0.6,1.3,13.8
Julius Randle,LOS ANGELES LAKERS,F-C,9-Jun,250 lbs,23,3 yrs,82,26.7,16.1,6.1,11,55.8,0.1,0.5,22.2,3.7,5.2,71.8,2.2,5.8,8,2.6,0.5,0.5,2.6,18.8
Kyle Kuzma,LOS ANGELES LAKERS,F,9-Jun,220 lbs,22,R,77,31.2,16.1,6.1,13.5,45,2.1,5.6,36.6,1.9,2.7,70.7,1.1,5.1,6.3,1.8,0.6,0.4,1.8,15.3
Brandon Ingram,LOS ANGELES LAKERS,F-G,9-Jun,190 lbs,20,1 yrs,59,33.5,16.1,6.1,12.9,47,0.7,1.8,39,3.3,4.8,68.1,1,4.4,5.3,3.9,0.8,0.7,2.5,15.9
Ben Simmons,PHILADELPHIA 76ERS,G-F,10-Jun,230 lbs,21,R,81,33.7,15.8,6.7,12.3,54.5,0,0.1,0,2.4,4.2,56,1.8,6.3,8.1,8.2,1.7,0.9,3.4,23.8
Will Barton,DENVER NUGGETS,F-G,6-Jun,190 lbs,27,5 yrs,81,33.1,15.7,5.7,12.7,45.2,1.9,5.2,37,2.2,2.8,80.5,0.9,4.2,5,4.1,1,0.6,1.8,17.1
Lauri Markkanen,CHICAGO BULLS,F,Jul-00,230 lbs,20,R,68,29.7,15.2,5.5,12.7,43.4,2.1,5.9,36.2,2.1,2.4,84.3,1.2,6.3,7.5,1.2,0.6,0.6,1.2,16.2
Dennis Smith Jr.,DALLAS MAVERICKS,G,3-Jun,195 lbs,20,R,69,29.7,15.2,5.9,14.8,39.5,1.5,4.9,31.3,1.9,2.8,69.4,0.7,3,3.8,5.2,1,0.3,2.8,12.8
Austin Rivers,LA CLIPPERS,G,4-Jun,200 lbs,25,5 yrs,61,33.7,15.1,5.6,13.2,42.4,2.2,5.9,37.8,1.7,2.6,64.2,0.4,1.9,2.4,4,1.2,0.3,1.8,12.6
Andre Drummond,DETROIT PISTONS,C,11-Jun,279 lbs,24,5 yrs,78,33.7,15,6,11.3,52.9,0,0.1,0,3.1,5.1,60.5,5.1,10.9,16,3,1.5,1.6,2.6,27.2
Otto Porter Jr.,WASHINGTON WIZARDS,F,8-Jun,198 lbs,24,4 yrs,77,31.6,14.7,5.8,11.5,50.3,1.8,4.1,44.1,1.4,1.7,82.8,1.3,5.1,6.4,2,1.5,0.5,1,18.2
Rodney Hood,CLEVELAND CAVALIERS,G,8-Jun,206 lbs,25,3 yrs,60,26.9,14.7,5.4,12.5,42.9,2.1,5.6,38.1,1.9,2.2,86,0.4,2.4,2.8,1.6,0.8,0.2,1.2,11.4
Dario Saric,PHILADELPHIA 76ERS,F,10-Jun,223 lbs,24,1 yrs,78,29.6,14.6,5.2,11.4,45.3,2,5.1,39.3,2.3,2.7,86,2,4.7,6.7,2.6,0.7,0.3,1.9,16.3
Jaylen Brown,BOSTON CELTICS,G-F,7-Jun,225 lbs,21,1 yrs,70,30.7,14.5,5.3,11.5,46.5,1.7,4.4,39.5,2.1,3.3,64.4,0.9,4,4.9,1.6,1,0.4,1.8,13.4
Zach Randolph,SACRAMENTO KINGS,F,9-Jun,250 lbs,36,16 yrs,59,25.6,14.5,6.1,12.9,47.3,0.9,2.5,34.7,1.4,1.8,78.5,1.6,5.1,6.7,2.2,0.7,0.2,2,15.1
Jusuf Nurkic,PORTLAND TRAIL BLAZERS,C,Jul-00,280 lbs,23,3 yrs,79,26.4,14.3,6.1,12,50.5,0,0.1,0,2.2,3.5,63,2.4,6.6,9,1.8,0.8,1.4,2.3,17.8
Bojan Bogdanovic,INDIANA PACERS,F,8-Jun,230 lbs,29,3 yrs,80,30.8,14.3,5.1,10.7,47.4,1.9,4.8,40.2,2.2,2.6,86.8,0.4,3,3.4,1.5,0.7,0.1,1.3,12.7
Jeff Teague,MINNESOTA TIMBERWOLVES,G,2-Jun,189 lbs,29,8 yrs,70,33,14.2,5.1,11.3,44.6,1.2,3.3,36.8,2.9,3.4,84.5,0.3,2.6,3,7,1.5,0.3,2.5,16.7
Taurean Prince,ATLANTA HAWKS,F,8-Jun,220 lbs,24,1 yrs,82,30,14.1,5.1,11.9,42.6,2.1,5.6,38.5,1.9,2.2,84.4,0.6,4.1,4.7,2.6,1,0.5,2.3,13.5
Enes Kanter,NEW YORK KNICKS,C,11-Jun,245 lbs,25,6 yrs,71,25.8,14.1,5.9,10,59.2,0,0,0,2.2,2.6,84.8,3.8,7.1,11,1.5,0.5,0.5,1.7,21.4
Jonathon Simmons,ORLANDO MAGIC,F,6-Jun,195 lbs,28,2 yrs,69,29.4,13.9,5.1,11,46.5,1,3,33.8,2.7,3.5,76.8,0.9,2.6,3.5,2.5,0.8,0.2,2.1,12.1
Rondae Hollis-Jefferson,BROOKLYN NETS,F,7-Jun,214 lbs,23,2 yrs,68,28.3,13.9,5,10.6,47.2,0.2,0.8,24.1,3.7,4.6,78.8,1.5,5.3,6.8,2.5,1,0.7,1.8,16.4
Jayson Tatum,BOSTON CELTICS,F,8-Jun,205 lbs,20,R,80,30.5,13.9,5,10.4,47.5,1.3,3,43.4,2.7,3.2,82.6,0.6,4.4,5,1.6,1,0.7,1.4,14.8
Steven Adams,OKLAHOMA CITY THUNDER,C,Jul-00,255 lbs,24,4 yrs,76,32.7,13.9,5.9,9.4,62.9,0,0,0,2.1,3.8,55.9,5.1,4,9,1.2,1.2,1,1.7,19.5
Jordan Clarkson,CLEVELAND CAVALIERS,G,5-Jun,194 lbs,25,3 yrs,81,23.3,13.9,5.3,11.8,45.1,1.4,3.9,35.2,1.9,2.3,80,0.7,2,2.7,2.7,0.7,0.1,1.6,11.6
Clint Capela,HOUSTON ROCKETS,C,10-Jun,240 lbs,23,3 yrs,74,27.5,13.9,6,9.1,65.2,0,0,0,1.9,3.5,56,3.3,7.6,10.8,0.9,0.8,1.9,1.4,22.2
Buddy Hield,SACRAMENTO KINGS,G,4-Jun,214 lbs,24,1 yrs,80,25.3,13.5,5.2,11.7,44.6,2.2,5.1,43.1,0.9,1,87.7,0.7,3.2,3.8,1.9,1.1,0.3,1.6,12.5
DeMarre Carroll,BROOKLYN NETS,F,8-Jun,215 lbs,31,8 yrs,73,29.9,13.5,4.5,10.8,41.4,2,5.4,37.1,2.6,3.4,76.4,1.4,5.1,6.6,2,0.8,0.4,1.4,14.8
Kentavious Caldwell-Pope,LOS ANGELES LAKERS,G,5-Jun,205 lbs,25,4 yrs,74,33.2,13.4,4.6,10.8,42.6,2.1,5.6,38.3,2.1,2.6,78.9,0.8,4.4,5.2,2.2,1.4,0.2,1.3,14.4
Bobby Portis,CHICAGO BULLS,F,11-Jun,248 lbs,23,2 yrs,73,22.5,13.2,5.2,11.1,47.1,1.1,3.1,35.9,1.6,2.1,76.9,2.2,4.6,6.8,1.7,0.7,0.3,1.4,14.9
Allen Crabbe,BROOKLYN NETS,G-F,6-Jun,215 lbs,26,4 yrs,75,29.3,13.2,4.5,11,40.7,2.7,7.1,37.8,1.5,1.8,85.2,0.4,3.9,4.3,1.6,0.6,0.5,1,12.3
Michael Beasley,NEW YORK KNICKS,F,9-Jun,235 lbs,29,9 yrs,74,22.3,13.2,5.5,10.9,50.7,0.5,1.2,39.5,1.7,2.1,78,1.3,4.3,5.6,1.7,0.5,0.6,1.9,13.7
Josh Jackson,PHOENIX SUNS,G-F,8-Jun,200 lbs,21,R,77,25.4,13.1,5.1,12.1,41.7,0.7,2.8,26.3,2.3,3.6,63.4,1.2,3.3,4.6,1.5,1,0.5,1.9,10.5
Ricky Rubio,UTAH JAZZ,G,4-Jun,190 lbs,27,6 yrs,77,29.3,13.1,4.5,10.7,41.8,1.2,3.5,35.2,2.9,3.3,86.6,0.6,4,4.6,5.3,1.6,0.1,2.7,15.3
Brook Lopez,LOS ANGELES LAKERS,C,Jul-00,268 lbs,30,9 yrs,74,23.4,13,5,10.7,46.5,1.5,4.4,34.5,1.5,2.1,70.3,1,3,4,1.7,0.4,1.3,1.3,12.7
Jeremy Lamb,CHARLOTTE HORNETS,G,5-Jun,185 lbs,25,5 yrs,80,24.6,12.9,4.8,10.4,45.7,1.2,3.2,37,2.2,2.6,86.1,0.6,3.4,4.1,2.3,0.8,0.4,1.2,13.3
Josh Richardson,MIAMI HEAT,F,6-Jun,200 lbs,24,2 yrs,81,33.2,12.9,4.9,10.9,45.1,1.6,4.1,37.8,1.5,1.8,84.5,0.9,2.7,3.5,2.9,1.5,0.9,1.7,13.7
Al Horford,BOSTON CELTICS,F-C,10-Jun,245 lbs,31,10 yrs,72,31.6,12.9,5.1,10.5,48.9,1.3,3.1,42.9,1.3,1.7,78.3,1.4,5.9,7.4,4.7,0.6,1.1,1.8,19.1
Kent Bazemore,ATLANTA HAWKS,G,5-Jun,201 lbs,28,5 yrs,65,27.5,12.9,4.4,10.4,42,1.7,4.2,39.4,2.5,3.1,79.6,0.4,3.4,3.8,3.5,1.5,0.7,2.4,13.3
Willie Cauley-Stein,SACRAMENTO KINGS,C,Jul-00,240 lbs,24,2 yrs,73,28,12.8,5.3,10.6,50.2,0,0.2,25,2.1,3.4,61.9,1.8,5.2,7,2.4,1.1,0.9,1.5,16
Myles Turner,INDIANA PACERS,C,11-Jun,255 lbs,22,2 yrs,65,28.2,12.7,4.7,9.8,47.9,0.9,2.4,35.7,2.5,3.2,77.7,1.4,5,6.4,1.3,0.6,1.8,1.5,15.6
Wesley Matthews,DALLAS MAVERICKS,G-F,5-Jun,220 lbs,31,8 yrs,63,33.8,12.7,4.5,11.1,40.6,2.4,6.4,38.1,1.3,1.6,82.2,0.4,2.7,3.1,2.7,1.2,0.3,1.3,11.9
Jonas Valanciunas,TORONTO RAPTORS,C,Jul-00,255 lbs,25,5 yrs,77,22.4,12.7,5.1,8.9,56.8,0.4,1,40.5,2.2,2.7,80.6,2.4,6.2,8.6,1.1,0.4,0.9,1.5,17.7
Elfrid Payton,PHOENIX SUNS,G,4-Jun,185 lbs,24,3 yrs,63,28.7,12.7,5.2,10.6,49.3,0.5,1.5,32.6,1.7,2.7,64.9,1,3.3,4.3,6.2,1.3,0.3,2.7,15.9
Serge Ibaka,TORONTO RAPTORS,F,10-Jun,235 lbs,28,8 yrs,76,27.5,12.6,5,10.3,48.3,1.4,3.9,36,1.2,1.6,79.7,1,5.3,6.3,0.8,0.4,1.3,1.2,14.6
Robert Covington,PHILADELPHIA 76ERS,F,9-Jun,225 lbs,27,4 yrs,80,31.6,12.6,4.3,10.5,41.3,2.5,6.9,36.9,1.5,1.7,85.3,0.7,4.7,5.4,2,1.7,0.9,1.6,14.6
Spencer Dinwiddie,BROOKLYN NETS,G,6-Jun,200 lbs,25,3 yrs,80,28.8,12.6,4.1,10.5,38.7,1.8,5.4,32.6,2.7,3.4,81.3,0.5,2.7,3.2,6.6,0.9,0.3,1.6,14.9
E'Twaun Moore,NEW ORLEANS PELICANS,F-G,4-Jun,191 lbs,29,6 yrs,82,31.5,12.5,5.2,10.1,50.8,1.6,3.7,42.5,0.6,0.8,70.6,0.7,2.2,2.9,2.3,1,0.1,1.2,12.3
Darren Collison,INDIANA PACERS,G,2-Jun,185 lbs,30,8 yrs,69,29.2,12.4,4.6,9.2,49.5,1.4,3,46.8,1.8,2.1,88.2,0.5,2,2.6,5.3,1.3,0.2,1.2,15.7
Derrick Favors,UTAH JAZZ,F-C,10-Jun,265 lbs,26,7 yrs,77,28,12.3,5.1,9.1,56.3,0.2,0.8,22.2,1.8,2.8,65.1,2.6,4.6,7.2,1.3,0.7,1.1,1.1,16.4
Taj Gibson,MINNESOTA TIMBERWOLVES,F,9-Jun,235 lbs,32,8 yrs,82,33.2,12.2,5.2,9,57.7,0.1,0.4,20,1.7,2.3,76.8,2.4,4.8,7.1,1.2,0.8,0.7,1.1,16.6
Justin Holiday,CHICAGO BULLS,G,6-Jun,185 lbs,29,4 yrs,72,31.5,12.2,4,10.9,37.1,2.2,6.2,35.9,1.9,2.3,82.3,0.4,3.6,4,2.1,1.1,0.4,1.3,11.3
Marco Belinelli,PHILADELPHIA 76ERS,G-F,5-Jun,210 lbs,32,10 yrs,80,24.3,12.1,4.2,9.6,44.1,1.9,4.9,37.7,1.9,2,90.8,0.3,1.6,1.9,1.9,0.8,0.2,1.2,10.2
Caris LeVert,BROOKLYN NETS,G-F,7-Jun,203 lbs,23,1 yrs,71,26.3,12.1,4.5,10.4,43.5,1.2,3.5,34.7,1.9,2.6,71.1,0.7,2.9,3.7,4.2,1.2,0.3,2.2,12.7
DeAndre Jordan,LA CLIPPERS,C,11-Jun,265 lbs,29,9 yrs,77,31.5,12,4.8,7.5,64.5,0,0,0,2.4,4.1,58,4.3,10.9,15.2,1.5,0.5,0.9,1.8,24.1
Dirk Nowitzki,DALLAS MAVERICKS,C-F,Jul-00,245 lbs,39,19 yrs,77,24.7,12,4.5,9.8,45.6,1.8,4.4,40.9,1.3,1.4,89.8,0.3,5.4,5.7,1.6,0.6,0.6,0.7,14.3
Courtney Lee,NEW YORK KNICKS,G,5-Jun,200 lbs,32,9 yrs,76,30.4,12,4.5,9.9,45.4,1.5,3.7,40.6,1.5,1.6,91.9,0.4,2.6,2.9,2.4,1.1,0.2,1.1,11.9
Robin Lopez,CHICAGO BULLS,C,Jul-00,277 lbs,30,9 yrs,64,26.4,11.8,5.3,10.1,53,0.1,0.2,28.6,1.1,1.4,75.6,2.1,2.4,4.5,1.9,0.2,0.8,1.7,12.6
Thaddeus Young,INDIANA PACERS,F,8-Jun,230 lbs,29,10 yrs,81,32.2,11.8,5.2,10.7,48.7,0.7,2.2,32,0.7,1.1,59.8,2.3,4,6.3,1.9,1.7,0.4,1.3,14.9
Kelly Oubre Jr.,WASHINGTON WIZARDS,F,7-Jun,205 lbs,22,2 yrs,81,27.5,11.8,3.9,9.8,40.3,1.6,4.6,34.1,2.4,2.9,82,0.7,3.8,4.5,1.2,1,0.4,1.1,11.4
Bogdan Bogdanovic,SACRAMENTO KINGS,G,6-Jun,205 lbs,25,R,78,27.9,11.8,4.4,9.9,44.6,1.7,4.2,39.2,1.3,1.5,84,0.4,2.5,2.9,3.3,0.9,0.2,1.6,11.7
Tyler Johnson,MIAMI HEAT,G,4-Jun,190 lbs,25,3 yrs,72,28.5,11.7,4.3,9.9,43.5,1.7,4.5,36.7,1.5,1.8,82.2,0.5,3,3.4,2.3,0.8,0.5,1.1,11.7
Trevor Ariza,HOUSTON ROCKETS,F-G,8-Jun,215 lbs,32,13 yrs,67,33.9,11.7,4,9.7,41.2,2.5,6.9,36.8,1.1,1.3,85.4,0.5,3.9,4.4,1.6,1.5,0.2,0.8,12.6
Domantas Sabonis,INDIANA PACERS,C-F,10-Jun,252 lbs,21,1 yrs,74,24.5,11.6,4.6,8.9,51.4,0.2,0.5,35.1,2.3,3,75,2.2,5.5,7.7,2,0.5,0.4,1.9,15.4
J.J. Barea,DALLAS MAVERICKS,G,Jun-00,185 lbs,33,11 yrs,69,23.2,11.6,4.4,10,43.9,1.7,4.5,36.7,1.2,1.5,78.4,0.2,2.7,2.9,6.3,0.5,0,2.1,13.4
Nicolas Batum,CHARLOTTE HORNETS,G-F,8-Jun,200 lbs,29,9 yrs,64,31,11.6,4.2,10.2,41.5,1.4,4.3,33.6,1.7,2,83.1,0.9,3.9,4.8,5.5,1,0.4,2,14.8
De'Aaron Fox,SACRAMENTO KINGS,G,3-Jun,175 lbs,20,R,73,27.8,11.6,4.5,10.9,41.2,0.6,2.1,30.7,1.9,2.7,72.3,0.5,2.3,2.8,4.4,1,0.3,2.4,10.4
Markieff Morris,WASHINGTON WIZARDS,F,10-Jun,245 lbs,28,6 yrs,73,27,11.5,4.5,9.4,48,1,2.8,36.7,1.4,1.8,82,1,4.6,5.6,1.9,0.8,0.5,1.7,13.4
Kelly Olynyk,MIAMI HEAT,F-C,Jul-00,245 lbs,27,4 yrs,76,23.4,11.5,4.2,8.4,49.7,1.4,3.7,37.9,1.8,2.3,77,1.2,4.5,5.7,2.7,0.8,0.5,1.9,14.5
Joe Ingles,UTAH JAZZ,F,8-Jun,226 lbs,30,3 yrs,82,31.5,11.5,4.1,8.8,46.7,2.5,5.7,44,0.8,1,79.5,0.3,3.9,4.2,4.8,1.1,0.2,1.9,15
Dwyane Wade,MIAMI HEAT,G,4-Jun,220 lbs,36,14 yrs,67,22.9,11.4,4.5,10.2,43.8,0.5,1.7,28.8,2,2.8,71.4,0.7,3,3.8,3.4,0.9,0.7,2.1,11.6
Reggie Bullock,DETROIT PISTONS,G-F,7-Jun,205 lbs,27,4 yrs,62,27.9,11.3,4.3,8.8,48.9,2,4.5,44.5,0.6,0.8,79.6,0.4,2,2.5,1.5,0.8,0.2,0.8,10.8
Terry Rozier,BOSTON CELTICS,G,2-Jun,190 lbs,24,2 yrs,80,25.9,11.3,4,10,39.5,1.9,5,38.1,1.4,1.9,77.2,0.8,3.9,4.7,2.9,1,0.2,1,12.6
Wayne Ellington,MIAMI HEAT,G,5-Jun,200 lbs,30,8 yrs,77,26.5,11.2,3.7,9.1,40.7,2.9,7.5,39.2,0.9,1,85.9,0.3,2.5,2.8,1,0.7,0.1,0.7,9.7
Frank Kaminsky,CHARLOTTE HORNETS,F-C,Jul-00,242 lbs,25,2 yrs,79,23.2,11.1,3.9,9.1,42.9,1.3,3.5,38,2,2.5,79.9,0.6,3.1,3.6,1.6,0.5,0.2,0.8,10.5
Draymond Green,GOLDEN STATE WARRIORS,F,7-Jun,230 lbs,28,5 yrs,70,32.7,11,4,8.8,45.4,1.1,3.7,30.1,1.9,2.5,77.5,1.1,6.6,7.6,7.3,1.3,1.3,2.9,20.3
Montrezl Harrell,LA CLIPPERS,F-C,8-Jun,240 lbs,24,2 yrs,76,17,11,4.6,7.2,63.5,0,0.1,14.3,1.8,2.9,62.6,1.4,2.7,4,1,0.5,0.7,0.9,12.5
Dillon Brooks,MEMPHIS GRIZZLIES,F-G,6-Jun,220 lbs,22,R,82,28.7,11,4.1,9.4,44,1.1,3.2,35.6,1.5,2,74.7,0.6,2.5,3.1,1.6,0.9,0.2,1.5,9.5
Ish Smith,DETROIT PISTONS,G,Jun-00,175 lbs,29,7 yrs,82,24.9,10.9,4.7,9.8,48.6,0.4,1.2,34.7,1,1.4,69.8,0.3,2.4,2.7,4.4,0.8,0.2,1.3,12.3
Ersan Ilyasova,PHILADELPHIA 76ERS,F,10-Jun,235 lbs,30,9 yrs,69,25.1,10.9,4,8.9,45.2,1.3,3.7,36,1.5,2,77.8,1.7,4.2,5.9,1.3,0.9,0.4,1,13
Jeff Green,CLEVELAND CAVALIERS,F,9-Jun,235 lbs,31,9 yrs,78,23.4,10.8,3.8,7.9,47.7,0.7,2.2,31.2,2.6,3,86.8,0.8,2.4,3.2,1.3,0.5,0.4,1,10.7
Joe Harris,BROOKLYN NETS,F-G,6-Jun,219 lbs,26,3 yrs,78,25.3,10.8,3.9,8,49.1,1.9,4.6,41.9,1.1,1.3,82.7,0.7,2.7,3.3,1.6,0.4,0.3,1.2,11.1
James Johnson,MIAMI HEAT,F,8-Jun,240 lbs,31,8 yrs,73,26.6,10.8,4.2,8.4,50.3,0.8,2.5,30.8,1.5,2.2,69.8,0.8,4.1,4.9,3.8,1,0.7,1.9,14.4
John Collins,ATLANTA HAWKS,F-C,10-Jun,235 lbs,20,R,74,24.1,10.5,4.2,7.4,57.6,0.2,0.6,34,1.8,2.5,71.5,2.4,4.9,7.3,1.3,0.6,1.1,1.4,15.6
Jamal Crawford,MINNESOTA TIMBERWOLVES,G,5-Jun,185 lbs,38,17 yrs,80,20.7,10.3,3.9,9.3,41.5,1.3,3.9,33.1,1.3,1.4,90.3,0.3,1,1.2,2.3,0.5,0.1,1.2,7.7
Yogi Ferrell,DALLAS MAVERICKS,G,Jun-00,180 lbs,24,1 yrs,82,27.8,10.2,3.8,8.9,42.6,1.6,4.4,37.3,1,1.3,79.6,0.3,2.7,3,2.5,0.8,0.1,1,10.3
D.J. Augustin,ORLANDO MAGIC,G,Jun-00,183 lbs,30,9 yrs,75,23.5,10.2,3.3,7.2,45.2,1.5,3.6,41.9,2.2,2.5,86.8,0.4,1.7,2.1,3.8,0.7,0,1.6,11
Denzel Valentine,CHICAGO BULLS,F,6-Jun,214 lbs,24,1 yrs,77,27.2,10.2,3.9,9.4,41.7,1.9,4.8,38.6,0.5,0.7,74.5,0.6,4.5,5.1,3.2,0.8,0.1,1.3,12.5
Pau Gasol,SAN ANTONIO SPURS,C,Jul-00,250 lbs,37,16 yrs,77,23.5,10.1,3.7,8.1,45.8,0.6,1.6,35.8,2.1,2.7,75.6,1.7,6.4,8,3.1,0.3,1,1.4,16.1
Patty Mills,SAN ANTONIO SPURS,G,Jun-00,185 lbs,29,8 yrs,82,25.7,10,3.4,8.3,41.1,1.9,5,37.2,1.3,1.4,89,0.3,1.6,1.9,2.8,0.7,0.1,1.3,9.1
CJ Miles,TORONTO RAPTORS,F-G,6-Jun,225 lbs,31,12 yrs,70,19.1,10,3.2,8.6,37.9,2.3,6.5,36.1,1.2,1.4,83.5,0.3,1.9,2.2,0.8,0.5,0.3,0.6,7.7
Wilson Chandler,DENVER NUGGETS,F,9-Jun,225 lbs,30,9 yrs,74,31.7,10,3.8,8.5,44.5,1.2,3.3,35.8,1.2,1.5,77.2,1.4,4,5.4,2.1,0.6,0.5,1.2,12.3
George Hill,CLEVELAND CAVALIERS,G,3-Jun,188 lbs,31,9 yrs,67,27,10,3.5,7.7,46,1.3,3.1,41.5,1.6,2.1,78.6,0.6,2.1,2.7,2.8,0.9,0.4,1.3,10.9
Dewayne Dedmon,ATLANTA HAWKS,C,Jul-00,245 lbs,28,4 yrs,62,24.9,10,4,7.7,52.4,0.8,2.3,35.5,1.1,1.4,77.9,1.6,6.3,7.9,1.5,0.6,0.8,1.4,15.4
Trey Lyles,DENVER NUGGETS,F,10-Jun,234 lbs,22,2 yrs,73,19.1,9.9,3.7,7.5,49.1,1.1,3,38.1,1.4,2,70.1,0.8,4,4.8,1.2,0.4,0.5,0.8,11.5
Jae Crowder,UTAH JAZZ,F,6-Jun,235 lbs,27,5 yrs,80,26.1,9.7,3.4,8.4,40.4,1.4,4.3,32.3,1.5,1.9,81.8,0.7,2.7,3.4,1.2,0.8,0.3,0.9,9.1
Mario Hezonja,ORLANDO MAGIC,F-G,8-Jun,218 lbs,23,2 yrs,75,22.1,9.6,3.6,8.2,44.2,1.2,3.6,33.7,1.1,1.4,81.9,0.5,3.2,3.7,1.4,1.1,0.4,1.1,10.3
Marvin Williams,CHARLOTTE HORNETS,F,9-Jun,237 lbs,31,12 yrs,78,25.7,9.5,3.3,7.2,45.8,1.6,3.9,41.3,1.3,1.6,82.9,0.9,3.8,4.7,1.2,0.7,0.5,0.8,11.7
Ryan Anderson,HOUSTON ROCKETS,F,10-Jun,240 lbs,29,9 yrs,66,26.1,9.3,3.1,7.3,43.1,2,5.1,38.6,1.1,1.4,77.4,1.4,3.6,5,0.9,0.4,0.3,0.6,10.9
Al-Farouq Aminu,PORTLAND TRAIL BLAZERS,F,9-Jun,220 lbs,27,7 yrs,69,30,9.3,3.3,8.4,39.5,1.8,4.9,36.9,0.9,1.2,73.8,1.4,6.2,7.6,1.2,1.1,0.6,1.1,13.3
Lance Stephenson,INDIANA PACERS,G,6-Jun,230 lbs,27,7 yrs,82,22.6,9.2,3.7,8.6,42.7,0.8,2.8,28.9,1,1.5,66.1,0.8,4.4,5.2,2.9,0.6,0.2,1.6,11
Kyle Korver,CLEVELAND CAVALIERS,G,7-Jun,212 lbs,37,14 yrs,73,21.6,9.2,3,6.6,45.9,2.2,5.2,43.6,0.9,1,88.9,0.1,2.1,2.3,1.2,0.4,0.4,0.8,9
Michael Kidd-Gilchrist,CHARLOTTE HORNETS,F,7-Jun,232 lbs,24,5 yrs,74,25,9.2,3.8,7.6,50.4,0,0,0,1.6,2.3,68.4,1.1,2.9,4.1,1,0.7,0.4,0.7,10.2
Anthony Tolliver,DETROIT PISTONS,F,8-Jun,240 lbs,32,9 yrs,79,22.2,8.9,2.8,6,46.4,2,4.6,43.6,1.3,1.7,79.7,0.6,2.4,3.1,1.1,0.4,0.3,0.7,9.5
Troy Daniels,PHOENIX SUNS,G,4-Jun,205 lbs,26,4 yrs,79,20.5,8.9,2.9,7.3,40.3,2.3,5.8,40,0.7,0.8,87.5,0.2,1.5,1.6,0.6,0.3,0.1,0.7,6.4
Manu Ginobili,SAN ANTONIO SPURS,G,6-Jun,205 lbs,40,15 yrs,65,20,8.9,3.1,7.1,43.4,1,3,33.3,1.7,2,84,0.3,1.9,2.2,2.5,0.7,0.2,1.6,8.5
Mike Scott,WASHINGTON WIZARDS,F,8-Jun,237 lbs,29,5 yrs,76,18.5,8.8,3.6,6.9,52.7,0.9,2.1,40.5,0.7,1,65.8,0.7,2.6,3.3,1.1,0.3,0.1,1,8.9
John Henson,MILWAUKEE BUCKS,C,11-Jun,229 lbs,27,5 yrs,76,25.9,8.8,3.8,6.6,57.2,0,0.1,14.3,1.2,2.1,57,2,4.8,6.8,1.5,0.6,1.4,1.1,14.2
Skal Labissiere,SACRAMENTO KINGS,F-C,11-Jun,225 lbs,22,1 yrs,60,20.7,8.7,3.4,7.6,44.8,0.3,0.9,35.3,1.6,2,80.5,1.7,3.2,4.8,1.2,0.4,0.8,1.2,10.1
Shabazz Napier,PORTLAND TRAIL BLAZERS,G,1-Jun,175 lbs,26,3 yrs,74,20.8,8.7,3,7.2,42,1.1,2.9,37.6,1.6,1.9,84.1,0.4,1.9,2.3,2,1.1,0.2,1.2,8.6
Larry Nance Jr.,CLEVELAND CAVALIERS,F,9-Jun,230 lbs,25,2 yrs,66,21.5,8.7,3.6,6.3,58.1,0,0.2,16.7,1.4,2.1,66.4,2.4,4.4,6.8,1.2,1.3,0.6,0.8,14.6
Stanley Johnson,DETROIT PISTONS,F,7-Jun,245 lbs,21,2 yrs,69,27.4,8.7,3,8.1,37.5,1,3.4,28.6,1.6,2.1,77.2,0.5,3.2,3.7,1.6,1.4,0.2,1.1,8.9
Emmanuel Mudiay,NEW YORK KNICKS,G,5-Jun,200 lbs,22,2 yrs,64,19.4,8.6,3.2,8.2,38.8,0.7,2.3,31.8,1.5,2,76,0.4,2,2.4,3.2,0.6,0.2,1.8,7.8
Fred VanVleet,TORONTO RAPTORS,G,Jun-00,195 lbs,24,1 yrs,76,20,8.6,3.1,7.2,42.6,1.4,3.4,41.4,1.1,1.3,83.2,0.3,2.1,2.4,3.2,0.9,0.3,1,10.1
Danny Green,SAN ANTONIO SPURS,G-F,6-Jun,215 lbs,30,8 yrs,70,25.6,8.6,3.1,8,38.7,1.7,4.6,36.3,0.7,0.9,76.9,0.6,3,3.6,1.6,0.9,1.1,1.1,9.6
Alex Len,PHOENIX SUNS,C,1-Jul,250 lbs,24,4 yrs,69,20.2,8.5,3.1,5.5,56.6,0,0,33.3,2.3,3.3,68.4,2.5,5,7.5,1.2,0.4,0.9,1.1,13.9
Dwight Powell,DALLAS MAVERICKS,C-F,11-Jun,240 lbs,26,3 yrs,79,21.2,8.5,3.2,5.4,59.3,0.4,1.1,33.3,1.7,2.3,71.9,1.7,3.9,5.6,1.2,0.8,0.4,0.7,12.9
Jerami Grant,OKLAHOMA CITY THUNDER,F,9-Jun,220 lbs,24,3 yrs,81,20.3,8.4,3,5.6,53.5,0.4,1.4,29.1,2,3,67.5,1.1,2.9,3.9,0.7,0.4,1,0.7,10.1
Garrett Temple,SACRAMENTO KINGS,F-G,6-Jun,195 lbs,31,7 yrs,65,24.8,8.4,3.1,7.3,41.8,1.4,3.5,39.2,0.9,1.2,76.9,0.3,2,2.3,1.9,0.9,0.4,1.2,8.2
Marcin Gortat,WASHINGTON WIZARDS,C,11-Jun,240 lbs,34,10 yrs,82,25.3,8.4,3.5,6.8,51.8,0,0,0,1.3,2,67.5,2.2,5.4,7.6,1.8,0.5,0.7,1.2,13.9
Devin Harris,DENVER NUGGETS,G,3-Jun,185 lbs,35,13 yrs,71,18.9,8.4,2.6,6.4,41.2,1.1,3.2,34.8,2,2.4,83.5,0.2,1.6,1.8,2.1,0.7,0.2,1.1,7.9
Jerian Grant,CHICAGO BULLS,G,4-Jun,198 lbs,25,2 yrs,74,22.8,8.4,2.8,6.8,41.6,0.8,2.5,32.6,1.9,2.5,74.5,0.4,1.9,2.3,4.6,0.9,0.1,1.2,10.4
JR Smith,CLEVELAND CAVALIERS,G-F,6-Jun,225 lbs,32,13 yrs,80,28.1,8.3,3,7.4,40.3,1.8,4.8,37.5,0.5,0.7,69.6,0.4,2.6,2.9,1.8,0.9,0.1,1,8.3
Rajon Rondo,NEW ORLEANS PELICANS,G,1-Jun,186 lbs,32,11 yrs,65,26.2,8.3,3.6,7.6,46.8,0.8,2.3,33.3,0.4,0.7,54.3,0.5,3.6,4,8.2,1.1,0.2,2.3,15.1
Evan Turner,PORTLAND TRAIL BLAZERS,F-G,7-Jun,220 lbs,29,7 yrs,79,25.7,8.2,3.3,7.3,44.7,0.5,1.7,31.8,1.2,1.4,85,0.4,2.7,3.1,2.2,0.6,0.4,1.3,9
Jarrett Allen,BROOKLYN NETS,C,11-Jun,234 lbs,20,R,72,20,8.2,3.3,5.5,58.9,0.1,0.2,33.3,1.6,2,77.6,2,3.4,5.4,0.7,0.4,1.2,1.1,12
Dejounte Murray,SAN ANTONIO SPURS,G,5-Jun,170 lbs,21,1 yrs,81,21.5,8.1,3.3,7.5,44.3,0.1,0.4,26.5,1.3,1.8,70.9,1.4,4.3,5.7,2.9,1.2,0.4,1.7,11.8
Delon Wright,TORONTO RAPTORS,G,5-Jun,190 lbs,26,2 yrs,69,20.8,8,2.9,6.3,46.5,0.8,2.2,36.6,1.4,1.7,82.9,0.7,2.2,2.9,2.9,1,0.5,1.1,10.6
David Nwaba,CHICAGO BULLS,F,4-Jun,209 lbs,25,1 yrs,70,23.5,7.9,2.9,6,47.8,0.3,0.7,34.6,1.9,2.9,65.5,1.3,3.4,4.7,1.5,0.8,0.4,1.1,10.1
Cory Joseph,INDIANA PACERS,G,3-Jun,190 lbs,26,6 yrs,82,27,7.9,3.1,7.4,42.4,0.8,2.3,35.3,0.9,1.1,74.5,0.5,2.7,3.2,3.2,1,0.2,1.1,9.9
Kyle Anderson,SAN ANTONIO SPURS,F,9-Jun,230 lbs,24,3 yrs,74,26.7,7.9,3.1,5.9,52.7,0.3,0.8,33.3,1.4,2,71.2,1.1,4.2,5.4,2.7,1.6,0.8,1.3,13.7
Josh Hart,LOS ANGELES LAKERS,G,5-Jun,215 lbs,23,R,63,23.2,7.9,2.8,6,46.9,1.2,3.1,39.6,1,1.5,70.2,0.7,3.5,4.2,1.3,0.7,0.3,0.7,10
Tyler Ulis,PHOENIX SUNS,G,10-May,160 lbs,22,1 yrs,71,23.4,7.8,3,7.8,38.8,0.6,2.1,28.8,1.2,1.4,83.2,0.3,1.5,1.8,4.4,1,0.1,1.8,8.3
Justise Winslow,MIAMI HEAT,F,7-Jun,225 lbs,22,2 yrs,68,24.7,7.8,3,7.2,42.4,0.7,1.9,38,1,1.5,63.5,0.9,4.5,5.4,2.2,0.8,0.5,1.1,10.9
Doug McDermott,DALLAS MAVERICKS,F,8-Jun,219 lbs,26,3 yrs,81,21.8,7.8,2.9,6.3,46.7,1.1,2.7,42.6,0.8,1,79,0.5,2,2.5,1,0.2,0.2,0.7,7.4
Darius Miller,NEW ORLEANS PELICANS,F,8-Jun,225 lbs,28,3 yrs,82,23.7,7.8,2.6,5.9,44.4,1.8,4.4,41.1,0.7,0.8,86.6,0.2,1.8,2,1.4,0.3,0.2,0.7,7.5
Jarell Martin,MEMPHIS GRIZZLIES,F,10-Jun,239 lbs,23,2 yrs,73,22.8,7.7,3,6.8,44.6,0.5,1.3,34.7,1.2,1.6,76.7,1.3,3,4.4,1,0.5,0.7,1.2,9
Marquese Chriss,PHOENIX SUNS,F,10-Jun,240 lbs,20,1 yrs,72,21.2,7.7,2.8,6.6,42.3,0.8,2.6,29.5,1.3,2.2,60.8,1.1,4.4,5.5,1.2,0.7,1,1.5,9.9
Alec Burks,UTAH JAZZ,G,6-Jun,214 lbs,26,6 yrs,64,16.5,7.7,2.7,6.5,41.1,0.7,2.2,33.1,1.7,1.9,86.3,0.3,2.7,3,1,0.6,0.1,0.9,7.5
Mario Chalmers,MEMPHIS GRIZZLIES,G,2-Jun,190 lbs,31,8 yrs,66,21.5,7.7,2.5,6.7,37.9,0.8,2.9,27.7,1.8,2.1,85.5,0.2,2.2,2.4,3,1.2,0.2,1.8,8.2
Luke Kennard,DETROIT PISTONS,G,5-Jun,200 lbs,21,R,73,20,7.6,2.8,6.4,44.3,1.1,2.7,41.5,0.9,1,85.5,0.3,2.1,2.4,1.7,0.6,0.2,0.9,7.9
Luc Mbah a Moute,HOUSTON ROCKETS,F,8-Jun,230 lbs,31,9 yrs,61,25.6,7.5,2.7,5.7,48.1,1,2.8,36.4,1.1,1.6,68.4,0.4,2.7,3,0.9,1.2,0.4,1.1,8.5
Jarrett Jack,NEW YORK KNICKS,G,3-Jun,200 lbs,34,12 yrs,62,25,7.5,3,7.1,42.7,0.4,1.4,29.1,1,1.2,84,0.4,2.7,3.1,5.6,0.6,0.1,1.9,10.7
Ian Clark,NEW ORLEANS PELICANS,G,3-Jun,175 lbs,27,4 yrs,74,19.6,7.4,3,6.7,44.8,0.8,2.6,31.8,0.6,0.8,76.3,0.1,1.6,1.7,1.5,0.4,0.1,0.8,6.6
Pascal Siakam,TORONTO RAPTORS,F,9-Jun,230 lbs,24,1 yrs,81,20.7,7.3,3.1,6.1,50.8,0.4,1.6,22,0.7,1.1,62.1,1,3.5,4.5,2,0.8,0.5,0.8,10.8
Nick Young,GOLDEN STATE WARRIORS,G-F,7-Jun,210 lbs,32,10 yrs,80,17.4,7.3,2.5,6.1,41.2,1.5,4.1,37.7,0.7,0.8,86.2,0.3,1.3,1.6,0.5,0.5,0.1,0.5,5.7
Tomas Satoransky,WASHINGTON WIZARDS,G-F,7-Jun,210 lbs,26,1 yrs,73,22.5,7.2,2.8,5.3,52.3,0.6,1.4,46.5,1,1.3,78.1,1,2.2,3.2,3.9,0.7,0.2,1.1,11.3
Kyle O'Quinn,NEW YORK KNICKS,C-F,10-Jun,250 lbs,28,5 yrs,77,18,7.1,2.9,5,58.3,0.1,0.2,23.5,1.3,1.6,77.2,1.6,4.5,6.1,2.1,0.5,1.3,1.3,13.3
James Ennis III,DETROIT PISTONS,F,7-Jun,210 lbs,27,3 yrs,72,22.3,7.1,2.5,5.3,47.4,0.7,2.1,33.3,1.3,1.6,83.6,1,2.1,3.1,1,0.6,0.3,0.8,8.3
Mason Plumlee,DENVER NUGGETS,C-F,11-Jun,255 lbs,28,4 yrs,74,19.4,7.1,3,5,60.1,0,0,0,1.1,2.4,45.8,1.8,3.6,5.4,1.9,0.7,1.1,1.4,11.5
Bryn Forbes,SAN ANTONIO SPURS,G,3-Jun,190 lbs,24,1 yrs,80,19,6.9,2.6,6.2,42.1,1.1,2.9,39,0.6,0.9,66.7,0.2,1.2,1.4,1,0.4,0,0.5,5.3
Jakob Poeltl,TORONTO RAPTORS,C,Jul-00,230 lbs,22,1 yrs,82,18.6,6.9,3.1,4.7,65.9,0,0,50,0.7,1.2,59.4,2,2.8,4.8,0.7,0.5,1.2,1,11
Bam Adebayo,MIAMI HEAT,C-F,10-Jun,255 lbs,20,R,69,19.8,6.9,2.5,4.9,51.2,0,0.1,0,1.9,2.6,72.1,1.7,3.8,5.5,1.5,0.5,0.6,1,10.9
Raymond Felton,OKLAHOMA CITY THUNDER,G,1-Jun,205 lbs,33,12 yrs,82,16.6,6.9,2.7,6.7,40.6,1,2.8,35.2,0.4,0.5,81.8,0.3,1.6,1.9,2.5,0.6,0.2,0.9,7
Tony Snell,MILWAUKEE BUCKS,G,7-Jun,221 lbs,26,4 yrs,75,27.4,6.9,2.5,5.7,43.5,1.4,3.6,40.3,0.5,0.6,79.2,0.1,1.8,1.9,1.3,0.6,0.4,0.5,7.3
Shelvin Mack,ORLANDO MAGIC,G,3-Jun,203 lbs,28,6 yrs,69,19.8,6.9,2.6,6,43,0.7,2,34.5,1,1.4,71.1,0.3,2.1,2.4,3.9,0.8,0.1,1.3,9
David West,GOLDEN STATE WARRIORS,F,9-Jun,250 lbs,37,14 yrs,73,13.7,6.8,3,5.2,57.1,0,0.1,37.5,0.8,1.1,75.9,0.9,2.4,3.3,1.9,0.6,1,1.1,10
Nemanja Bjelica,MINNESOTA TIMBERWOLVES,F,10-Jun,230 lbs,29,2 yrs,67,20.5,6.8,2.6,5.5,46.1,1.1,2.7,41.5,0.5,0.7,80,0.8,3.3,4.1,1.3,0.7,0.2,0.8,9.2
Kosta Koufos,SACRAMENTO KINGS,C,Jul-00,265 lbs,29,9 yrs,71,19.6,6.7,3.1,5.5,57.1,0,0,0,0.5,1,44.6,2.1,4.5,6.6,1.2,0.7,0.5,0.7,12.1
Malik Monk,CHARLOTTE HORNETS,G,3-Jun,200 lbs,20,R,63,13.6,6.7,2.4,6.7,36,1.3,3.9,34.2,0.5,0.6,84.2,0.1,0.9,1,1.4,0.3,0.1,0.8,4.4
Tyler Zeller,MILWAUKEE BUCKS,C,Jul-00,250 lbs,28,5 yrs,66,16.8,6.7,2.8,5.1,56,0.2,0.4,35.7,0.9,1.2,72.2,1.7,3,4.6,0.7,0.2,0.5,0.7,9.5
Justin Jackson,SACRAMENTO KINGS,F,8-Jun,210 lbs,23,R,68,22.1,6.7,2.7,6.2,44.2,0.8,2.7,30.8,0.4,0.5,72.2,0.4,2.4,2.8,1.1,0.4,0.2,0.6,6.9
Isaiah Taylor,ATLANTA HAWKS,G,3-Jun,170 lbs,23,1 yrs,67,17.4,6.6,2.4,5.8,41.8,0.3,1.2,25,1.5,2.1,70.2,0.3,1.1,1.4,3.1,0.5,0.1,1.3,6.5
Maurice Harkless,PORTLAND TRAIL BLAZERS,F,9-Jun,220 lbs,24,5 yrs,59,21.4,6.5,2.5,5,49.5,0.8,2,41.5,0.7,1,71.2,0.8,2,2.7,0.9,0.8,0.7,0.7,8.2
Dragan Bender,PHOENIX SUNS,F,1-Jul,225 lbs,20,1 yrs,82,25.2,6.5,2.3,5.9,38.6,1.4,3.9,36.6,0.5,0.6,76.5,0.5,3.9,4.4,1.6,0.3,0.6,1.4,8.2
Jodie Meeks,WASHINGTON WIZARDS,G,4-Jun,210 lbs,30,8 yrs,77,14.5,6.3,2,5.1,39.9,0.9,2.7,34.3,1.3,1.5,86.3,0.2,1.4,1.6,0.9,0.4,0.1,0.5,5.5
Trevor Booker,INDIANA PACERS,F,8-Jun,228 lbs,30,7 yrs,68,17,6.3,2.6,5,51.6,0.1,0.5,24.2,1,1.4,71,1.7,3,4.7,1.2,0.4,0.3,0.9,9.2
T.J. McConnell,PHILADELPHIA 76ERS,G,2-Jun,190 lbs,26,2 yrs,76,22.5,6.3,2.8,5.5,49.9,0.4,0.8,43.5,0.4,0.5,79.5,0.5,2.5,3,4,1.2,0.2,1.5,10.3
Langston Galloway,DETROIT PISTONS,G,2-Jun,200 lbs,26,3 yrs,58,14.9,6.2,2.2,5.9,37.1,1.3,3.8,34.4,0.6,0.7,80.5,0.2,1.4,1.6,1,0.6,0.1,0.3,5.3
PJ Tucker,HOUSTON ROCKETS,F,6-Jun,245 lbs,32,6 yrs,82,27.8,6.1,2.1,5.4,39,1.4,3.8,37.1,0.5,0.7,71.7,1.1,4.4,5.6,0.9,1,0.3,0.9,9.5
Andre Iguodala,GOLDEN STATE WARRIORS,F-G,6-Jun,215 lbs,34,13 yrs,64,25.3,6,2.3,5,46.3,0.5,1.8,28.2,0.9,1.4,63.2,0.8,3.1,3.8,3.3,0.8,0.6,1,10.3
Aron Baynes,BOSTON CELTICS,C,10-Jun,260 lbs,31,5 yrs,81,18.3,6,2.6,5.5,47.1,0,0.3,14.3,0.7,1,75.6,1.6,3.8,5.4,1.1,0.3,0.6,1,9.2
Gorgui Dieng,MINNESOTA TIMBERWOLVES,C,11-Jun,251 lbs,28,4 yrs,79,16.9,5.9,2.4,4.9,47.9,0.2,0.8,31.1,1,1.3,77.5,1.3,3.2,4.6,0.9,0.6,0.5,0.7,8.9
Frank Ntilikina,NEW YORK KNICKS,G,5-Jun,190 lbs,19,R,78,21.9,5.9,2.3,6.4,36.4,0.6,2,31.8,0.6,0.9,72.1,0.5,1.8,2.3,3.2,0.8,0.2,1.7,6.5
Davis Bertans,SAN ANTONIO SPURS,C-F,10-Jun,210 lbs,25,1 yrs,77,14.1,5.9,2.1,4.8,44,1.2,3.3,37.3,0.5,0.6,81.6,0.2,1.8,2,1,0.3,0.4,0.5,6.3
OG Anunoby,TORONTO RAPTORS,F,8-Jun,235 lbs,20,R,74,20,5.9,2.2,4.7,47.1,1,2.7,37.1,0.5,0.8,62.9,0.6,1.9,2.5,0.7,0.7,0.2,0.6,6.6
Quincy Acy,BROOKLYN NETS,F,7-Jun,240 lbs,27,5 yrs,70,19.4,5.9,1.9,5.2,35.6,1.5,4.2,34.9,0.7,0.9,81.7,0.6,3.1,3.7,0.8,0.5,0.4,0.9,6.9
Deyonta Davis,MEMPHIS GRIZZLIES,C-F,11-Jun,237 lbs,21,1 yrs,62,15.2,5.8,2.6,4.3,60.8,0,0,0,0.6,0.9,66.7,1.2,2.8,4,0.6,0.2,0.6,0.5,8.9
Jonas Jerebko,UTAH JAZZ,F,10-Jun,231 lbs,31,7 yrs,74,15.3,5.8,2.1,4.6,46.6,0.9,2.1,41.4,0.6,0.8,80.7,0.7,2.6,3.3,0.6,0.3,0.2,0.4,7.2
Dante Cunningham,BROOKLYN NETS,F,8-Jun,230 lbs,31,8 yrs,73,21.4,5.7,2.2,5,45.1,0.8,2.3,34.5,0.4,0.7,59.6,1.1,3,4.1,0.7,0.5,0.4,0.5,7.9
Bismack Biyombo,ORLANDO MAGIC,C,9-Jun,255 lbs,25,6 yrs,82,18.2,5.7,2.2,4.3,52,0,0,0,1.2,1.9,65,1.8,4,5.7,0.8,0.3,1.2,1,9.9
Shaun Livingston,GOLDEN STATE WARRIORS,G,7-Jun,192 lbs,32,12 yrs,71,15.9,5.5,2.4,4.8,50.1,0,0.1,0,0.7,0.9,82,0.5,1.4,1.8,2,0.5,0.3,0.8,6.8
Norman Powell,TORONTO RAPTORS,F-G,4-Jun,215 lbs,24,2 yrs,70,15.2,5.5,2.1,5.3,40.1,0.8,2.7,28.5,0.5,0.6,82.1,0.2,1.5,1.7,1.3,0.5,0.2,0.9,5
Wesley Johnson,LA CLIPPERS,F,7-Jun,215 lbs,30,7 yrs,74,20.1,5.4,2,5,40.8,0.8,2.4,33.9,0.6,0.8,74.1,0.4,2.5,2.9,0.8,1,0.8,0.7,7.2
Zaza Pachulia,GOLDEN STATE WARRIORS,C,11-Jun,270 lbs,34,14 yrs,69,14.1,5.4,2.2,3.8,56.7,0,0,0,1.1,1.3,80.6,1.3,3.4,4.7,1.6,0.6,0.2,1.1,9.5
Vince Carter,SACRAMENTO KINGS,G-F,6-Jun,220 lbs,41,19 yrs,58,17.7,5.4,2,4.9,40.3,1,2.8,34.5,0.5,0.6,75.7,0.3,2.2,2.6,1.2,0.7,0.4,0.6,6.6
Pat Connaughton,PORTLAND TRAIL BLAZERS,G-F,5-Jun,210 lbs,25,2 yrs,82,18.1,5.4,2,4.8,42.3,0.9,2.6,35.2,0.5,0.5,84.1,0.4,1.5,2,1.1,0.3,0.3,0.5,5.6
Maxi Kleber,DALLAS MAVERICKS,F,11-Jun,220 lbs,26,R,72,16.8,5.4,2.1,4.3,48.9,0.6,1.8,31.3,0.6,0.8,74.6,1,2.3,3.3,0.7,0.4,0.7,0.4,7.5
Ed Davis,PORTLAND TRAIL BLAZERS,F-C,10-Jun,245 lbs,28,7 yrs,78,18.9,5.3,2.2,3.7,58.2,0,0,0,0.9,1.4,66.7,2.3,5,7.4,0.5,0.4,0.7,0.8,11.4
Corey Brewer,OKLAHOMA CITY THUNDER,G-F,9-Jun,186 lbs,32,10 yrs,72,16.8,5.3,2,4.4,44.9,0.4,1.5,28.2,0.9,1.3,72.2,0.6,1.5,2.1,0.9,1.1,0.2,0.7,6.2
Daniel Theis,BOSTON CELTICS,F-C,9-Jun,243 lbs,26,R,63,14.9,5.3,2,3.7,54.1,0.3,0.9,31,1,1.3,75.3,1.4,2.9,4.3,0.9,0.5,0.8,0.9,8.8
Tyus Jones,MINNESOTA TIMBERWOLVES,G,2-Jun,184 lbs,21,2 yrs,82,17.9,5.1,1.8,4,45.7,0.5,1.6,34.9,0.9,1,87.7,0.2,1.4,1.6,2.8,1.2,0.1,0.7,7.7
Royce O'Neale,UTAH JAZZ,F,6-Jun,226 lbs,24,R,69,16.7,5,1.7,4.1,42.3,0.6,1.7,35.6,0.9,1.1,80.3,0.4,3.1,3.4,1.4,0.5,0.2,0.8,7.1
Thon Maker,MILWAUKEE BUCKS,C-F,1-Jul,223 lbs,21,1 yrs,74,16.7,4.8,1.8,4.3,41.1,0.4,1.4,29.8,0.9,1.3,69.9,1,2,3,0.6,0.5,0.7,0.6,6.2
JaVale McGee,GOLDEN STATE WARRIORS,C,Jul-00,270 lbs,30,9 yrs,65,9.5,4.8,2.1,3.4,62.1,0,0.1,0,0.6,0.8,73.1,0.9,1.7,2.6,0.5,0.3,0.9,0.4,7.2
Ian Mahinmi,WASHINGTON WIZARDS,C,11-Jun,262 lbs,31,9 yrs,77,14.9,4.8,1.8,3.2,55.6,0,0,0,1.2,1.7,70.3,1.8,2.3,4.1,0.7,0.5,0.5,1.3,7.3
Alex Abrines,OKLAHOMA CITY THUNDER,G,6-Jun,190 lbs,24,1 yrs,75,15.1,4.7,1.5,3.9,39.5,1.1,2.9,38,0.5,0.6,84.8,0.3,1.2,1.5,0.4,0.5,0.1,0.3,4.4
Amir Johnson,PHILADELPHIA 76ERS,C-F,9-Jun,240 lbs,30,12 yrs,74,15.8,4.6,1.9,3.5,53.8,0.1,0.4,31.3,0.7,1.1,61.2,1.7,2.8,4.5,1.6,0.6,0.6,0.7,9.1
Zach Collins,PORTLAND TRAIL BLAZERS,C-F,Jul-00,230 lbs,20,R,66,15.8,4.4,1.7,4.4,39.8,0.5,1.7,31,0.4,0.6,64.3,0.7,2.7,3.3,0.8,0.3,0.5,0.9,5.5
Treveon Graham,CHARLOTTE HORNETS,G-F,5-Jun,219 lbs,24,1 yrs,63,16.7,4.3,1.5,3.5,43.4,0.6,1.5,41.2,0.7,0.9,69.5,0.7,1.3,1.9,0.9,0.5,0,0.4,5
Sam Dekker,LA CLIPPERS,F,9-Jun,230 lbs,23,2 yrs,73,12.1,4.2,1.8,3.5,49.4,0.1,0.8,16.7,0.5,0.8,66.1,0.6,1.8,2.4,0.5,0.3,0.1,0.5,5
Lance Thomas,NEW YORK KNICKS,F,8-Jun,235 lbs,30,6 yrs,73,18.5,4.1,1.4,3.7,38.2,0.7,1.7,40.3,0.6,0.7,83,0.6,1.8,2.4,0.6,0.4,0.2,0.5,4.8
Kevon Looney,GOLDEN STATE WARRIORS,F,9-Jun,220 lbs,22,2 yrs,66,13.8,4,1.7,2.9,58,0,0.1,20,0.6,1.2,54.5,1.3,2,3.3,0.6,0.5,0.8,0.5,7.1
Cedi Osman,CLEVELAND CAVALIERS,F,8-Jun,215 lbs,23,R,61,11,3.9,1.5,3,48.4,0.5,1.4,36.8,0.4,0.8,56.5,0.3,1.7,2,0.7,0.4,0,0.5,4.5
Patrick Patterson,OKLAHOMA CITY THUNDER,F,9-Jun,230 lbs,29,7 yrs,82,15.5,3.9,1.3,3.2,39.8,0.8,2.1,38.6,0.5,0.6,87,0.4,2,2.4,0.7,0.6,0.3,0.4,5.4
Sindarius Thornwell,LA CLIPPERS,G,5-Jun,215 lbs,23,R,73,15.8,3.9,1.4,3.2,42.9,0.3,0.8,37.7,0.8,1.2,67,0.5,1.5,1.9,0.9,0.7,0.3,0.7,4.8
Wes Iwundu,ORLANDO MAGIC,F,7-Jun,195 lbs,23,R,62,16.5,3.7,1.5,3.5,42.7,0.1,0.7,19.6,0.5,0.8,72.3,0.6,1.6,2.2,0.9,0.5,0.2,0.5,4.8
Salah Mejri,DALLAS MAVERICKS,C,2-Jul,235 lbs,31,2 yrs,61,12,3.5,1.4,2.2,64.2,0,0,0,0.6,1.1,57.6,1.4,2.6,4,0.6,0.4,1.1,0.6,7.7
Malik Beasley,DENVER NUGGETS,G,5-Jun,196 lbs,21,1 yrs,62,9.4,3.2,1.2,2.9,41,0.5,1.3,34.1,0.4,0.5,66.7,0.2,0.9,1.1,0.5,0.2,0.1,0.4,2.9
Terrance Ferguson,OKLAHOMA CITY THUNDER,G,7-Jun,184 lbs,19,R,61,12.5,3.1,1.1,2.8,41.4,0.7,2,33.3,0.1,0.2,90,0.3,0.5,0.8,0.3,0.4,0.2,0.2,2.9
Tim Frazier,WASHINGTON WIZARDS,G,1-Jun,170 lbs,27,3 yrs,59,14.2,3,1.2,2.9,39.5,0.3,0.9,30.4,0.4,0.5,76.7,0.3,1.6,1.9,3.3,0.8,0.1,1,6.3
Semi Ojeleye,BOSTON CELTICS,F,7-Jun,235 lbs,23,R,73,15.8,2.7,0.9,2.6,34.6,0.5,1.7,32,0.3,0.6,61,0.5,1.7,2.2,0.3,0.3,0.1,0.3,3.2
Ekpe Udoh,UTAH JAZZ,C-F,10-Jun,245 lbs,30,5 yrs,63,12.9,2.6,1,1.9,50,0,0,0,0.7,0.9,75,1.1,1.3,2.4,0.8,0.7,1.2,0.3,6.2
Josh Huestis,OKLAHOMA CITY THUNDER,G,7-Jun,230 lbs,26,2 yrs,69,14.2,2.3,0.9,2.6,33,0.5,1.7,28.7,0.1,0.3,30,0.6,1.7,2.3,0.3,0.2,0.6,0.4,3.4
Brandon Paul,SAN ANTONIO SPURS,G,4-Jun,200 lbs,26,R,64,9,2.3,0.9,2,43.3,0.2,0.8,27.8,0.3,0.7,51.2,0.1,1,1.1,0.6,0.4,0.1,0.5,2.5
Eric Moreland,DETROIT PISTONS,F-C,10-Jun,238 lbs,26,2 yrs,67,12,2.1,1,1.8,54.1,0,0,0,0.2,0.4,37.9,1.2,2.9,4.1,1.2,0.5,0.8,0.6,6.9
DeAndre Liggins,NEW ORLEANS PELICANS,G,6-Jun,209 lbs,30,4 yrs,58,12.5,1.7,0.7,1.8,37.7,0.3,0.9,35.8,0,0.1,40,0.1,1.2,1.3,0.8,0.6,0.2,0.3,3.2